{
  "properties": {
    "connectionReferences": {
      "shared_powerbi": {
        "runtimeSource": "embedded",
        "connection": {
          "connectionReferenceLogicalName": "pbi_sharedpowerbi_2acd4"
        },
        "api": {
          "name": "shared_powerbi"
        }
      },
      "shared_commondataserviceforapps": {
        "runtimeSource": "embedded",
        "connection": {
          "connectionReferenceLogicalName": "pbi_sharedcommondataserviceforapps_7aab5"
        },
        "api": {
          "name": "shared_commondataserviceforapps"
        }
      }
    },
    "definition": {
      "$schema": "https://schema.management.azure.com/providers/Microsoft.Logic/schemas/2016-06-01/workflowdefinition.json#",
      "contentVersion": "1.0.0.0",
      "parameters": {
        "$connections": {
          "defaultValue": {},
          "type": "Object"
        },
        "$authentication": {
          "defaultValue": {},
          "type": "SecureObject"
        }
      },
      "triggers": {
        "When_a_row_is_added,_modified_or_deleted": {
          "metadata": {
            "operationMetadataId": "d258824e-f4f9-4caa-9099-d26b9db4b09e"
          },
          "type": "OpenApiConnectionWebhook",
          "inputs": {
            "host": {
              "connectionName": "shared_commondataserviceforapps",
              "operationId": "SubscribeWebhookTrigger",
              "apiId": "/providers/Microsoft.PowerApps/apis/shared_commondataserviceforapps"
            },
            "parameters": {
              "subscriptionRequest/message": 4,
              "subscriptionRequest/entityname": "pbi_expensedb",
              "subscriptionRequest/scope": 4
            },
            "authentication": "@parameters('$authentication')"
          }
        }
      },
      "actions": {
        "Condition": {
          "actions": {
            "Refresh_a_dataset": {
              "runAfter": {},
              "metadata": {
                "operationMetadataId": "72123f1d-2996-4977-b17c-fbbbfbac9d6a"
              },
              "type": "OpenApiConnection",
              "inputs": {
                "host": {
                  "connectionName": "shared_powerbi",
                  "operationId": "RefreshDataset",
                  "apiId": "/providers/Microsoft.PowerApps/apis/shared_powerbi"
                },
                "parameters": {
                  "groupid": "myworkspace",
                  "datasetid": "b9542452-8b29-4562-8880-a61c090e750c"
                },
                "authentication": "@parameters('$authentication')"
              }
            }
          },
          "runAfter": {},
          "else": {
            "actions": {
              "Terminate": {
                "runAfter": {},
                "metadata": {
                  "operationMetadataId": "424fbd27-155f-41bd-b84a-fc39e5b2ca62"
                },
                "type": "Terminate",
                "inputs": {
                  "runStatus": "Succeeded"
                }
              }
            }
          },
          "expression": {
            "greaterOrEquals": [
              "@triggerOutputs()?['body/pbi_amount']",
              1000
            ]
          },
          "metadata": {
            "operationMetadataId": "1966a3ef-b03f-4a0b-abe3-a1372b912f1b"
          },
          "type": "If"
        }
      }
    },
    "templateName": ""
  },
  "schemaVersion": "1.0.0.0"
}